{
    "1": {
        "contrast": {
            "b": -0.019,
            "g": -0.09,
            "r": -0.107
        },
        "covariance_matrix": [
            [
                0.00017928658549496123,
                0.00015078005846885716,
                0.0001441898025506078
            ],
            [
                0.00015078005846885716,
                0.0012431595303574834,
                0.001701520001965833
            ],
            [
                0.0001441898025506078,
                0.0017015200019658329,
                0.002945873510414254
            ]
        ]
    },
    "2": {
        "contrast": {
            "b": -0.009,
            "g": -0.254,
            "r": -0.215
        },
        "covariance_matrix": [
            [
                3.963157116882521e-05,
                0.00010311632446074228,
                8.986033422850204e-05
            ],
            [
                0.00010311632446074226,
                0.014716026543518279,
                0.011583024385910077
            ],
            [
                8.986033422850204e-05,
                0.011583024385910077,
                0.00957780468756377
            ]
        ]
    },
    "3": {
        "contrast": {
            "b": -0.062,
            "g": -0.175,
            "r": -0.235
        },
        "covariance_matrix": [
            [
                0.0013728576377628728,
                0.00021269647342942252,
                -0.00040823533459927777
            ],
            [
                0.00021269647342942258,
                0.003184663873577431,
                0.004791619571257851
            ],
            [
                -0.00040823533459927777,
                0.004791619571257851,
                0.00795957232759889
            ]
        ]
    },
    "4": {
        "contrast": {
            "b": -0.039,
            "g": -0.266,
            "r": -0.277
        },
        "covariance_matrix": [
            [
                0.0004977035362248427,
                -0.00027867204083518527,
                -0.0003395993219868622
            ],
            [
                -0.0002786720408351853,
                0.00907708403990874,
                0.0059771019632561635
            ],
            [
                -0.0003395993219868623,
                0.0059771019632561635,
                0.007240866954872151
            ]
        ]
    }
}