{
    "1": {
        "contrast": {
            "b": -0.015,
            "g": -0.102,
            "r": -0.098
        },
        "covariance_matrix": [
            [
                0.00018764376011172568,
                -0.00022286347680650293,
                -0.0001982745812122233
            ],
            [
                -0.00022286347680650293,
                0.012295016101975115,
                0.010506225345651246
            ],
            [
                -0.00019827458121222328,
                0.010506225345651246,
                0.009890700609595722
            ]
        ]
    },
    "2": {
        "contrast": {
            "b": -0.055,
            "g": -0.202,
            "r": -0.703
        },
        "covariance_matrix": [
            [
                0.00028806894442082626,
                0.00024020151032844633,
                0.0001983610645712074
            ],
            [
                0.00024020151032844638,
                0.0006519616162851981,
                0.0003680159361855499
            ],
            [
                0.0001983610645712074,
                0.0003680159361855499,
                0.0003796900404095355
            ]
        ]
    },
    "3": {
        "contrast": {
            "b": -0.137,
            "g": -0.344,
            "r": -0.73
        },
        "covariance_matrix": [
            [
                0.0006809255050698439,
                0.0005992665136691296,
                -0.00037139733144299705
            ],
            [
                0.0005992665136691296,
                0.000870400820337448,
                -0.0003764864331360238
            ],
            [
                -0.0003713973314429971,
                -0.0003764864331360238,
                0.00101146247125189
            ]
        ]
    },
    "4": {
        "contrast": {
            "b": -0.014,
            "g": -0.265,
            "r": -0.775
        },
        "covariance_matrix": [
            [
                9.054818100103626e-05,
                5.609370264101689e-05,
                -0.00010400092593749193
            ],
            [
                5.609370264101689e-05,
                0.0007348818294734532,
                -0.0011145449221504245
            ],
            [
                -0.0001040009259374919,
                -0.0011145449221504245,
                0.0031725784122083275
            ]
        ]
    }
}