{
    "1": {
        "contrast": {
            "b": -0.007,
            "g": -0.034,
            "r": -0.036
        },
        "covariance_matrix": [
            [
                4.434890951821155e-05,
                -1.5565602647918355e-05,
                -1.8137556251246808e-05
            ],
            [
                -1.556560264791835e-05,
                0.0003880610738580391,
                0.0004072301596832509
            ],
            [
                -1.8137556251246808e-05,
                0.00040723015968325096,
                0.0004278335223357096
            ]
        ]
    },
    "2": {
        "contrast": {
            "b": -0.025,
            "g": -0.09,
            "r": -0.071
        },
        "covariance_matrix": [
            [
                0.0001081346944403512,
                0.00010623489380123165,
                0.00010603351128889934
            ],
            [
                0.00010623489380123166,
                0.00010456509053348978,
                0.00010426704756635874
            ],
            [
                0.00010603351128889934,
                0.00010426704756635874,
                0.0001041694012905179
            ]
        ]
    },
    "3": {
        "contrast": {
            "b": -0.064,
            "g": -0.232,
            "r": -0.163
        },
        "covariance_matrix": [
            [
                0.00035625623763649647,
                0.00017191647328978663,
                3.754097304086832e-05
            ],
            [
                0.00017191647328978663,
                0.00015134399730600036,
                1.942656459703814e-05
            ],
            [
                3.754097304086833e-05,
                1.9426564597038142e-05,
                0.0001615481024977721
            ]
        ]
    },
    "4": {
        "contrast": {
            "b": -0.039,
            "g": -0.326,
            "r": -0.236
        },
        "covariance_matrix": [
            [
                0.0002301512366181414,
                0.00012351989516825383,
                0.00011820859162901455
            ],
            [
                0.00012351989516825383,
                0.00010330223750409898,
                9.876860383819777e-05
            ],
            [
                0.00011820859162901457,
                9.876860383819777e-05,
                9.462804926976691e-05
            ]
        ]
    }
}