{
    "1": {
        "contrast": {
            "b": -0.007,
            "g": -0.035,
            "r": -0.037
        },
        "covariance_matrix": [
            [
                5.146196105740215e-05,
                -1.0095197994997443e-05,
                -1.2688092454293544e-05
            ],
            [
                -1.0095197994997441e-05,
                0.00038735711263519247,
                0.0004062934322138097
            ],
            [
                -1.2688092454293549e-05,
                0.0004062934322138098,
                0.0004266627104488475
            ]
        ]
    },
    "2": {
        "contrast": {
            "b": -0.026,
            "g": -0.09,
            "r": -0.071
        },
        "covariance_matrix": [
            [
                0.00014885852234192452,
                0.00011060886240134068,
                0.00012785024030058256
            ],
            [
                0.00011060886240134068,
                0.00010784766391940512,
                0.00010793942966482652
            ],
            [
                0.00012785024030058256,
                0.00010793942966482652,
                0.00011649847340277359
            ]
        ]
    },
    "3": {
        "contrast": {
            "b": -0.062,
            "g": -0.231,
            "r": -0.164
        },
        "covariance_matrix": [
            [
                0.0004017016617075986,
                0.00019808798937689226,
                3.2272977256875174e-05
            ],
            [
                0.00019808798937689226,
                0.0001727340068245612,
                1.897932307942855e-05
            ],
            [
                3.227297725687517e-05,
                1.897932307942855e-05,
                0.0001649188674446326
            ]
        ]
    },
    "4": {
        "contrast": {
            "b": -0.039,
            "g": -0.326,
            "r": -0.236
        },
        "covariance_matrix": [
            [
                0.00023014780327217446,
                0.0001234769728519338,
                0.00011816834265511764
            ],
            [
                0.0001234769728519338,
                0.00010326564435206351,
                9.873432891630213e-05
            ],
            [
                0.00011816834265511764,
                9.873432891630213e-05,
                9.459587469611769e-05
            ]
        ]
    }
}