{
    "1": {
        "contrast": {
            "b": -0.013,
            "g": -0.077,
            "r": -0.077
        },
        "covariance_matrix": [
            [
                6.054347703302873e-05,
                4.140843624782615e-05,
                2.7975207703043403e-05
            ],
            [
                4.140843624782615e-05,
                0.00010153607431647063,
                9.090177629871513e-05
            ],
            [
                2.7975207703043403e-05,
                9.090177629871513e-05,
                0.00010327344902070397
            ]
        ]
    },
    "2": {
        "contrast": {
            "b": -0.018,
            "g": -0.133,
            "r": -0.142
        },
        "covariance_matrix": [
            [
                8.800627422024394e-05,
                5.484815121316293e-05,
                1.6232733116072833e-05
            ],
            [
                5.4848151213162936e-05,
                0.0002238293137447128,
                0.00016101319482585431
            ],
            [
                1.6232733116072833e-05,
                0.00016101319482585431,
                0.00032994357088951765
            ]
        ]
    },
    "3": {
        "contrast": {
            "b": -0.021,
            "g": -0.19,
            "r": -0.201
        },
        "covariance_matrix": [
            [
                0.00010308331901483246,
                4.268040477359045e-05,
                7.639155836804936e-06
            ],
            [
                4.268040477359045e-05,
                0.00014823419177279365,
                6.00031021013696e-05
            ],
            [
                7.639155836804935e-06,
                6.00031021013696e-05,
                0.00028018486435886215
            ]
        ]
    },
    "4": {
        "contrast": {
            "b": -0.023,
            "g": -0.39,
            "r": -0.41
        },
        "covariance_matrix": [
            [
                0.00014802806139426123,
                7.230937906618572e-05,
                3.8462118995864586e-05
            ],
            [
                7.230937906618572e-05,
                0.0001091540162101867,
                8.576407317287919e-05
            ],
            [
                3.8462118995864586e-05,
                8.576407317287919e-05,
                0.0001833957187420656
            ]
        ]
    }
}