{
    "1": {
        "contrast": {
            "b": -0.011,
            "g": -0.018,
            "r": -0.019
        },
        "covariance_matrix": [
            [
                6.82419507632255e-05,
                4.930521865003535e-05,
                4.9298602040022484e-05
            ],
            [
                4.930521865003533e-05,
                8.450585938777524e-05,
                8.437989272894592e-05
            ],
            [
                4.9298602040022484e-05,
                8.437989272894592e-05,
                8.450694680374191e-05
            ]
        ]
    },
    "2": {
        "contrast": {
            "b": -0.022,
            "g": -0.089,
            "r": -0.07
        },
        "covariance_matrix": [
            [
                0.00013367089302687607,
                7.29576193598054e-05,
                5.902449236635393e-05
            ],
            [
                7.29576193598054e-05,
                8.795414009684868e-05,
                8.342249472636166e-05
            ],
            [
                5.9024492366353935e-05,
                8.342249472636166e-05,
                0.00012606082533000358
            ]
        ]
    },
    "3": {
        "contrast": {
            "b": -0.056,
            "g": -0.231,
            "r": -0.165
        },
        "covariance_matrix": [
            [
                0.000500954281927066,
                0.00016061460726892783,
                1.2708978671439422e-05
            ],
            [
                0.00016061460726892783,
                0.00013319229206888977,
                2.852833347055586e-05
            ],
            [
                1.2708978671439415e-05,
                2.852833347055586e-05,
                0.00016603841270177683
            ]
        ]
    },
    "4": {
        "contrast": {
            "b": -0.039,
            "g": -0.326,
            "r": -0.236
        },
        "covariance_matrix": [
            [
                0.00023091454579837137,
                0.0001238747721405414,
                0.00011856590865249957
            ],
            [
                0.0001238747721405414,
                0.00010251257524118094,
                9.801954757174822e-05
            ],
            [
                0.00011856590865249957,
                9.801954757174822e-05,
                9.39175245832077e-05
            ]
        ]
    }
}