{
    "1": {
        "contrast": {
            "b": -0.011,
            "g": -0.051,
            "r": -0.045
        },
        "covariance_matrix": [
            [
                2.721257362667104e-05,
                1.9079395505909115e-05,
                1.8524450317373435e-05
            ],
            [
                1.9079395505909115e-05,
                2.867417248021481e-05,
                2.799349211404428e-05
            ],
            [
                1.8524450317373435e-05,
                2.799349211404428e-05,
                2.776141397035509e-05
            ]
        ]
    },
    "2": {
        "contrast": {
            "b": -0.008,
            "g": -0.111,
            "r": -0.093
        },
        "covariance_matrix": [
            [
                2.2470335369944773e-05,
                2.2328821707687455e-05,
                2.242046601257482e-05
            ],
            [
                2.232882170768745e-05,
                2.23883671799642e-05,
                2.2379437120620086e-05
            ],
            [
                2.242046601257482e-05,
                2.237943712062009e-05,
                2.2579230311510896e-05
            ]
        ]
    },
    "3": {
        "contrast": {
            "b": -0.007,
            "g": -0.144,
            "r": -0.121
        },
        "covariance_matrix": [
            [
                1.934244208714213e-05,
                1.7061793999637548e-05,
                1.8445050532735477e-05
            ],
            [
                1.7061793999637548e-05,
                4.015256325918058e-05,
                2.8840289522631924e-05
            ],
            [
                1.8445050532735477e-05,
                2.8840289522631918e-05,
                2.4065014715290114e-05
            ]
        ]
    },
    "4": {
        "contrast": {
            "b": -0.018,
            "g": -0.241,
            "r": -0.208
        },
        "covariance_matrix": [
            [
                3.186217670415583e-05,
                3.2230770796561596e-05,
                3.1397051389897164e-05
            ],
            [
                3.2230770796561596e-05,
                4.271353625210076e-05,
                2.1950097753263497e-05
            ],
            [
                3.1397051389897164e-05,
                2.1950097753263497e-05,
                4.104918808203903e-05
            ]
        ]
    }
}