{
    "1": {
        "contrast": {
            "b": -0.025,
            "g": -0.09,
            "r": -0.071
        },
        "covariance_matrix": [
            [
                0.0001087078498925929,
                0.00010677425043212285,
                0.00010662900492556019
            ],
            [
                0.00010677425043212284,
                0.00010507234455541142,
                0.00010482791768702735
            ],
            [
                0.00010662900492556018,
                0.00010482791768702735,
                0.00010478851875578007
            ]
        ]
    },
    "2": {
        "contrast": {
            "b": -0.045,
            "g": -0.179,
            "r": -0.133
        },
        "covariance_matrix": [
            [
                0.000514529548199151,
                7.052005441284152e-05,
                0.0001134989775547455
            ],
            [
                7.052005441284152e-05,
                0.000570145360808653,
                0.0005544415908765154
            ],
            [
                0.0001134989775547455,
                0.0005544415908765153,
                0.0008023888851683951
            ]
        ]
    },
    "3": {
        "contrast": {
            "b": -0.051,
            "g": -0.23,
            "r": -0.166
        },
        "covariance_matrix": [
            [
                0.000611704451130424,
                0.00015995503115170094,
                6.370803237324052e-06
            ],
            [
                0.00015995503115170094,
                0.00014323409496429083,
                4.076220092735108e-05
            ],
            [
                6.3708032373240535e-06,
                4.076220092735108e-05,
                0.00019269669567457617
            ]
        ]
    },
    "4": {
        "contrast": {
            "b": -0.039,
            "g": -0.326,
            "r": -0.236
        },
        "covariance_matrix": [
            [
                0.00023153730965126364,
                0.00012443501613998575,
                0.00011910122590662034
            ],
            [
                0.00012443501613998577,
                0.0001030031857059975,
                9.84885708902695e-05
            ],
            [
                0.00011910122590662033,
                9.848857089026954e-05,
                9.43659954958054e-05
            ]
        ]
    }
}