{
    "1": {
        "contrast": {
            "b": -0.006,
            "g": -0.063,
            "r": -0.059
        },
        "covariance_matrix": [
            [
                1.6789699578397058e-05,
                9.794740152827792e-06,
                7.670501148046512e-06
            ],
            [
                9.794740152827797e-06,
                0.0011982102514958629,
                0.0009872012871263432
            ],
            [
                7.67050114804651e-06,
                0.0009872012871263432,
                0.0008582735394972236
            ]
        ]
    },
    "2": {
        "contrast": {
            "b": -0.026,
            "g": -0.09,
            "r": -0.071
        },
        "covariance_matrix": [
            [
                0.00014641570901020444,
                0.00010704045547640028,
                0.00012486054179494207
            ],
            [
                0.00010704045547640028,
                0.0001021903753826772,
                0.00010335937536384133
            ],
            [
                0.0001248605417949421,
                0.00010335937536384133,
                0.000112737696413205
            ]
        ]
    },
    "3": {
        "contrast": {
            "b": -0.068,
            "g": -0.234,
            "r": -0.163
        },
        "covariance_matrix": [
            [
                0.0002721158440624206,
                0.00011784373720851823,
                5.028415836542906e-05
            ],
            [
                0.00011784373720851823,
                0.00012058254910242956,
                2.4303938494849923e-05
            ],
            [
                5.028415836542906e-05,
                2.4303938494849912e-05,
                0.0001663643526775319
            ]
        ]
    },
    "4": {
        "contrast": {
            "b": -0.039,
            "g": -0.326,
            "r": -0.236
        },
        "covariance_matrix": [
            [
                0.00023128434894444368,
                0.00012439264355849444,
                0.00011904134787802901
            ],
            [
                0.00012439264355849444,
                0.00010372254165488256,
                9.916962980808664e-05
            ],
            [
                0.00011904134787802901,
                9.916962980808666e-05,
                9.501084980834645e-05
            ]
        ]
    }
}