{
    "1": {
        "contrast": {
            "b": -0.019,
            "g": -0.078,
            "r": -0.076
        },
        "covariance_matrix": [
            [
                9.706353155743899e-05,
                9.697836219521445e-05,
                9.556008997798646e-05
            ],
            [
                9.697836219521445e-05,
                0.00010812935590445218,
                0.00010128335793734776
            ],
            [
                9.556008997798646e-05,
                0.00010128335793734774,
                9.724321381331452e-05
            ]
        ]
    },
    "2": {
        "contrast": {
            "b": -0.018,
            "g": -0.135,
            "r": -0.136
        },
        "covariance_matrix": [
            [
                8.451348276120026e-05,
                3.557122253036209e-05,
                1.517052827126948e-05
            ],
            [
                3.557122253036209e-05,
                0.00016527901839559952,
                0.00013182970430529963
            ],
            [
                1.5170528271269479e-05,
                0.00013182970430529963,
                0.0002440935164772592
            ]
        ]
    },
    "3": {
        "contrast": {
            "b": -0.022,
            "g": -0.196,
            "r": -0.201
        },
        "covariance_matrix": [
            [
                0.00013537187530680535,
                5.941307582612189e-05,
                1.4002574753141465e-05
            ],
            [
                5.941307582612189e-05,
                0.00012533103359512116,
                0.00010038382208393873
            ],
            [
                1.4002574753141465e-05,
                0.00010038382208393873,
                0.0003041433725851225
            ]
        ]
    }
}