{
    "1": {
        "contrast": {
            "b": -0.017,
            "g": -0.149,
            "r": -0.129
        },
        "covariance_matrix": [
            [
                0.00017019729959007199,
                0.00015894150095837416,
                0.0001398012281848927
            ],
            [
                0.00015894150095837416,
                0.0024629071828279154,
                0.001875543602881229
            ],
            [
                0.0001398012281848927,
                0.0018755436028812286,
                0.0014944638903848406
            ]
        ]
    },
    "2": {
        "contrast": {
            "b": -0.042,
            "g": -0.285,
            "r": -0.239
        },
        "covariance_matrix": [
            [
                0.0002638223696647853,
                0.0002025967092815524,
                0.00020405566415361532
            ],
            [
                0.00020259670928155242,
                0.0009329051381238296,
                0.0006795123964060461
            ],
            [
                0.00020405566415361532,
                0.0006795123964060461,
                0.0005144222880892158
            ]
        ]
    },
    "3": {
        "contrast": {
            "b": -0.009,
            "g": -0.318,
            "r": -0.268
        },
        "covariance_matrix": [
            [
                3.6193356155552245e-05,
                5.237413705782942e-05,
                5.177371341414503e-05
            ],
            [
                5.237413705782942e-05,
                0.008476059973288454,
                0.006711366561382486
            ],
            [
                5.177371341414504e-05,
                0.006711366561382488,
                0.006083067136452817
            ]
        ]
    },
    "4": {
        "contrast": {
            "b": -0.036,
            "g": -0.325,
            "r": -0.285
        },
        "covariance_matrix": [
            [
                0.0004283993913353556,
                -0.00020616215860519402,
                -0.0002508969497753382
            ],
            [
                -0.00020616215860519402,
                0.008256142072736172,
                0.006548102506694482
            ],
            [
                -0.0002508969497753382,
                0.006548102506694482,
                0.007623806893441847
            ]
        ]
    }
}